"Path","Platform","Compiled","Cooked","Permutations","Compiletime","CompiledDouble","CookedDouble"
"Globals","0","4","0","1","0.000000","0","0"
"/OculusXR/Materials/M_FloorMask.M_FloorMask","0","2","2","1","0.935062","0","2"
"/OculusXR/Materials/M_SceneObjectMask.M_SceneObjectMask","0","2","2","1","1.632962","0","2"
"/ControlRig/Controls/ControlRigGizmoMaterial.ControlRigGizmoMaterial","0","0","2","1","0.000000","0","0"
"/Engine/EngineDebugMaterials/DebugEditorMaterial.DebugEditorMaterial","0","0","6","1","0.000000","0","0"
"/Engine/EditorMaterials/PhAT_NoCollisionMaterial.PhAT_NoCollisionMaterial","0","0","3","1","0.000000","0","0"
"/Engine/EditorMaterials/PhAT_UnselectedMaterial.PhAT_UnselectedMaterial","0","0","3","1","0.000000","0","0"
"/MeshModelingToolset/Materials/M_DynamicMeshComponentVtxColor.M_DynamicMeshComponentVtxColor","0","0","18","1","0.000000","0","0"
"/Engine/EngineMaterials/NaniteHiddenSectionMaterial.NaniteHiddenSectionMaterial","0","0","27","1","0.000000","0","0"
"/Engine/EngineDebugMaterials/DebugMeshMaterial.DebugMeshMaterial","0","0","5","1","0.000000","0","0"
"/Engine/EngineMaterials/GizmoMaterial.GizmoMaterial","0","0","6","1","0.000000","0","0"
"/Engine/EngineMaterials/RemoveSurfaceMaterial.RemoveSurfaceMaterial","0","0","2","1","0.000000","0","0"
"/Engine/EditorMaterials/Dataflow/DataflowVertexMaterial.DataflowVertexMaterial","0","0","24","1","0.000000","0","0"
"/Engine/BasicShapes/BasicShapeMaterial.BasicShapeMaterial","0","0","63","1","0.000000","0","0"
"/ControlRig/Controls/ControlRigXRayMaterial.ControlRigXRayMaterial","0","0","9","1","0.000000","0","0"
"/Engine/EditorLandscapeResources/SplineEditorMeshMat.SplineEditorMeshMat","0","0","12","1","0.000000","0","0"
"/Engine/EngineDebugMaterials/M_SimpleUnlitTranslucent.M_SimpleUnlitTranslucent","0","0","3","1","0.000000","0","0"
"/Engine/EditorMaterials/Camera/CineMat.CineMat","0","0","24","1","0.000000","0","0"
"/Engine/VREditor/TransformGizmo/Xray.Xray","0","0","12","1","0.000000","0","0"
"/Engine/VREditor/TransformGizmo/Main.Main","0","0","3","1","0.000000","0","0"
"/Engine/VREditor/TransformGizmo/TranslucentTransformGizmoMaterial.TranslucentTransformGizmoMaterial","0","0","3","1","0.000000","0","0"
"/Engine/EngineMaterials/DefaultLightFunctionMaterial.DefaultLightFunctionMaterial","0","0","27","1","0.000000","0","0"
"/OculusXR/Materials/OculusMR_OpaqueColoredMaterial.OculusMR_OpaqueColoredMaterial","0","2","2","1","1.925779","0","2"
"/OculusXR/Materials/PokeAHoleMaterial.PokeAHoleMaterial","0","3","3","1","1.738739","0","3"
"/Game/VRTemplate/Materials/M_VRCursor.M_VRCursor","0","0","2","1","0.000000","0","0"
"/Game/VRTemplate/Materials/M_Projectile.M_Projectile","0","0","12","1","0.000000","0","0"
"/Game/VRTemplate/Materials/M_LeftEyeGreen_RightEyeRed.M_LeftEyeGreen_RightEyeRed","0","0","12","1","0.000000","0","0"
"/Game/VRTemplate/Materials/DefaultRibbonMaterial_NoGradient.DefaultRibbonMaterial_NoGradient","0","0","15","1","0.000000","0","0"
"/Game/LevelPrototyping/Materials/M_Solid.M_Solid","0","0","24","1","0.000000","0","0"
"/Game/FPWeapon/Materials/BaseMaterial.BaseMaterial","0","0","33","1","0.000000","0","0"
"/Engine/VREditor/Devices/Generic/GenericHMDMaterial.GenericHMDMaterial","0","0","12","1","0.000000","0","0"
"/Engine/EngineMaterials/PhAT_JointLimitMaterial.PhAT_JointLimitMaterial","0","0","9","1","0.000000","0","0"
"/ControlRig/M_Manip.M_Manip","0","0","9","1","0.000000","0","0"
"/Engine/EngineDebugMaterials/M_VolumeRenderSphereTracePP.M_VolumeRenderSphereTracePP","0","0","5","1","0.000000","0","0"
"/Engine/VREditor/TransformGizmo/TransformGizmoMaterial.TransformGizmoMaterial","0","0","2","1","0.000000","0","0"
"/OpenXR/Devices/M_XRController.M_XRController","0","0","36","3","0.000000","0","48"
"/Engine/EngineMaterials/Widget3DPassThrough.Widget3DPassThrough","0","0","50","6","0.000000","0","3"
"/Paper2D/DefaultSpriteMaterial.DefaultSpriteMaterial","0","0","46","2","0.000000","0","0"
"/Engine/EngineMaterials/FlattenMaterial_WS_Normal_VT.FlattenMaterial_WS_Normal_VT","0","0","33","1","0.000000","0","0"
"/Engine/EngineMaterials/FlattenMaterial_VT.FlattenMaterial_VT","0","0","33","1","0.000000","0","0"
"/Engine/EngineMaterials/M_InvalidLightmapSettings.M_InvalidLightmapSettings","0","0","24","1","0.000000","0","0"
"/Engine/EngineMaterials/EmissiveMeshMaterial.EmissiveMeshMaterial","0","0","5","1","0.000000","0","0"
"/Engine/EngineMaterials/FlattenMaterial.FlattenMaterial","0","0","33","1","0.000000","0","0"
"/Engine/EngineMaterials/DefaultPostProcessMaterial.DefaultPostProcessMaterial","0","0","27","1","0.000000","0","0"
"/Engine/EngineMaterials/DefaultDeferredDecalMaterial.DefaultDeferredDecalMaterial","0","0","117","1","0.000000","0","0"
"/Engine/EngineMaterials/DefaultMaterial.DefaultMaterial","0","0","123","1","0.000000","0","0"
"/Engine/EngineMaterials/WorldGridMaterial.WorldGridMaterial","0","0","881","1","0.000000","0","0"
"/Engine/EngineMaterials/DefaultTextMaterialOpaque.DefaultTextMaterialOpaque","0","0","29","1","0.000000","0","0"
"/Game/ElectroMob/Materials/Soudure/Soudure_Structure_BaseColor_Mat.Soudure_Structure_BaseColor_Mat","0","0","21","1","0.000000","0","0"
"/Game/ElectroMob/Materials/Soudure/Soudure_Plastique_BaseColor_Mat.Soudure_Plastique_BaseColor_Mat","0","0","21","1","0.000000","0","0"
"/Game/ElectroMob/Materials/Soudure/Soudure_Plaque_01_BaseColor_Mat.Soudure_Plaque_01_BaseColor_Mat","0","0","21","1","0.000000","0","0"
"/Game/ElectroMob/Materials/Soudure/Soudure_Noir_BaseColor_Mat.Soudure_Noir_BaseColor_Mat","0","0","21","1","0.000000","0","0"
"/Game/ElectroMob/Materials/Soudure/Soudure_Metal_Steel_Textured_White_BaseColor_Mat.Soudure_Metal_Steel_Textured_White_BaseColor_Mat","0","0","21","1","0.000000","0","0"
"/Game/ElectroMob/Materials/Soudure/Soudure_Contour_fenetre_BaseColor_Mat.Soudure_Contour_fenetre_BaseColor_Mat","0","0","21","1","0.000000","0","0"
"/Game/ElectroMob/Materials/Soudure/Soudure_Color_M06_BaseColor_Mat.Soudure_Color_M06_BaseColor_Mat","0","0","21","1","0.000000","0","0"
"/Game/ElectroMob/Materials/Soudure/Soudure_Color_E03_BaseColor_Mat.Soudure_Color_E03_BaseColor_Mat","0","0","21","1","0.000000","0","0"
"/Game/ElectroMob/Materials/Soudure/Soudure_Color_D02_BaseColor_Mat.Soudure_Color_D02_BaseColor_Mat","0","0","21","1","0.000000","0","0"
"/Game/ElectroMob/Materials/Soudure/Soudure_Color_C04_BaseColor_Mat.Soudure_Color_C04_BaseColor_Mat","0","0","21","1","0.000000","0","0"
"/Game/ElectroMob/Materials/Soudure/NewMaterial.NewMaterial","0","0","21","1","0.000000","0","0"
"/Game/ElectroMob/Materials/Socle/Base_robot_vis_BaseColor_Mat.Base_robot_vis_BaseColor_Mat","0","0","21","1","0.000000","0","0"
"/Game/ElectroMob/Materials/Socle/Base_robot_Partie_2_BaseColor_Mat.Base_robot_Partie_2_BaseColor_Mat","0","0","21","1","0.000000","0","0"
"/Game/ElectroMob/Materials/Socle/Base_robot_Partie_1_BaseColor_Mat.Base_robot_Partie_1_BaseColor_Mat","0","0","21","1","0.000000","0","0"
"/Game/ElectroMob/Materials/Socle/Base_robot_Ecrou_BaseColor_Mat.Base_robot_Ecrou_BaseColor_Mat","0","0","21","1","0.000000","0","0"
"/Game/ElectroMob/Materials/Socle/Base_robot_Base_BaseColor_Mat.Base_robot_Base_BaseColor_Mat","0","0","21","1","0.000000","0","0"
"/Game/ElectroMob/Materials/Robot/KR309_?crou_BaseColor_Mat.KR309_?crou_BaseColor_Mat","0","0","12","1","0.000000","0","0"
"/Game/ElectroMob/Materials/Robot/KR308_Vis_3_BaseColor_Mat.KR308_Vis_3_BaseColor_Mat","0","0","12","1","0.000000","0","0"
"/Game/ElectroMob/Materials/Robot/KR307_Vis_3_BaseColor_Mat.KR307_Vis_3_BaseColor_Mat","0","0","12","1","0.000000","0","0"
"/Game/ElectroMob/Materials/Robot/KR307_Noir_BaseColor_Mat.KR307_Noir_BaseColor_Mat","0","0","12","1","0.000000","0","0"
"/Game/ElectroMob/Materials/Robot/KR306_Vis_3_BaseColor_Mat.KR306_Vis_3_BaseColor_Mat","0","0","12","1","0.000000","0","0"
"/Game/ElectroMob/Materials/Robot/KR306_Noir_BaseColor_Mat.KR306_Noir_BaseColor_Mat","0","0","12","1","0.000000","0","0"
"/Game/ElectroMob/Materials/Robot/KR3013_Vis_3_BaseColor_Mat.KR3013_Vis_3_BaseColor_Mat","0","0","12","1","0.000000","0","0"
"/Game/ElectroMob/Materials/Robot/KR3013_cable_BaseColor_Mat.KR3013_cable_BaseColor_Mat","0","0","12","1","0.000000","0","0"
"/Game/ElectroMob/Materials/Robot/KR3012_Vis_3_BaseColor_Mat.KR3012_Vis_3_BaseColor_Mat","0","0","12","1","0.000000","0","0"
"/Game/ElectroMob/Materials/Robot/KR3011_?crou_BaseColor_Mat.KR3011_?crou_BaseColor_Mat","0","0","12","1","0.000000","0","0"
"/Game/ElectroMob/Materials/Robot/KR3011_vis_BaseColor_Mat.KR3011_vis_BaseColor_Mat","0","0","12","1","0.000000","0","0"
"/Game/ElectroMob/Materials/Robot/KR3011_prise_BaseColor_Mat.KR3011_prise_BaseColor_Mat","0","0","12","1","0.000000","0","0"
"/Game/ElectroMob/Materials/Robot/KR3011_cable_BaseColor_Mat.KR3011_cable_BaseColor_Mat","0","0","12","1","0.000000","0","0"
"/Game/ElectroMob/Materials/Robot/KR3010_?crou_001_BaseColor_Mat.KR3010_?crou_001_BaseColor_Mat","0","0","12","1","0.000000","0","0"
"/Game/ElectroMob/Materials/Robot/KR3010_Vis_3_BaseColor_Mat.KR3010_Vis_3_BaseColor_Mat","0","0","12","1","0.000000","0","0"
"/Game/ElectroMob/Materials/Robot/KR3010_Prise_3_BaseColor_Mat.KR3010_Prise_3_BaseColor_Mat","0","0","12","1","0.000000","0","0"
"/Game/ElectroMob/Materials/Robot/K5_?crou_BaseColor_Mat.K5_?crou_BaseColor_Mat","0","0","12","1","0.000000","0","0"
"/Game/ElectroMob/Materials/Robot/K5_Vis_3_BaseColor_Mat.K5_Vis_3_BaseColor_Mat","0","0","12","1","0.000000","0","0"
"/Game/ElectroMob/Materials/Robot/K5_Orange_K_BaseColor_Mat.K5_Orange_K_BaseColor_Mat","0","0","12","1","0.000000","0","0"
"/Game/ElectroMob/Materials/Robot/K5_Material_003_BaseColor_Mat.K5_Material_003_BaseColor_Mat","0","0","12","1","0.000000","0","0"
"/Game/ElectroMob/Materials/Robot/K5_Material_002_BaseColor_Mat.K5_Material_002_BaseColor_Mat","0","0","12","1","0.000000","0","0"
"/Game/ElectroMob/Materials/Robot/K5_Material_001_BaseColor_Mat.K5_Material_001_BaseColor_Mat","0","0","21","1","0.000000","0","0"
"/Game/ElectroMob/Materials/Robot/K5_cuivre_BaseColor_Mat.K5_cuivre_BaseColor_Mat","0","0","12","1","0.000000","0","0"
"/Game/ElectroMob/Materials/Robot/K5_cable_vert_BaseColor_Mat.K5_cable_vert_BaseColor_Mat","0","0","12","1","0.000000","0","0"
"/Game/ElectroMob/Materials/Robot/K5_cable_jaune_BaseColor_Mat.K5_cable_jaune_BaseColor_Mat","0","0","12","1","0.000000","0","0"
"/Game/ElectroMob/Materials/Robot/K5_Cable_3_BaseColor_Mat.K5_Cable_3_BaseColor_Mat","0","0","12","1","0.000000","0","0"
"/Game/ElectroMob/Materials/Robot/K5_bleu_fil_BaseColor_Mat.K5_bleu_fil_BaseColor_Mat","0","0","12","1","0.000000","0","0"
"/Game/ElectroMob/Materials/Robot/K5_blanc_fil_BaseColor_Mat.K5_blanc_fil_BaseColor_Mat","0","0","12","1","0.000000","0","0"
"/Game/ElectroMob/Materials/Robot/K4_Orange_K_BaseColor_Mat.K4_Orange_K_BaseColor_Mat","0","0","21","1","0.000000","0","0"
"/Game/ElectroMob/Materials/Robot/K4_Material_001_BaseColor_Mat.K4_Material_001_BaseColor_Mat","0","0","12","1","0.000000","0","0"
"/Game/ElectroMob/Materials/Robot/K3_Orange_K_BaseColor_Mat.K3_Orange_K_BaseColor_Mat","0","0","12","1","0.000000","0","0"
"/Game/ElectroMob/Materials/Robot/K3_Material_004_BaseColor_Mat.K3_Material_004_BaseColor_Mat","0","0","12","1","0.000000","0","0"
"/Game/ElectroMob/Materials/Robot/K3_Material_003_BaseColor_Mat.K3_Material_003_BaseColor_Mat","0","0","12","1","0.000000","0","0"
"/Game/ElectroMob/Materials/Robot/K3_Material_002_BaseColor_Mat.K3_Material_002_BaseColor_Mat","0","0","12","1","0.000000","0","0"
"/Game/ElectroMob/Materials/Robot/K3_Material_001_BaseColor_Mat.K3_Material_001_BaseColor_Mat","0","0","12","1","0.000000","0","0"
"/Game/ElectroMob/Materials/Robot/K2_Orange_K_BaseColor_Mat.K2_Orange_K_BaseColor_Mat","0","0","12","1","0.000000","0","0"
"/Game/ElectroMob/Materials/Robot/K2_Material_001_BaseColor_Mat.K2_Material_001_BaseColor_Mat","0","0","12","1","0.000000","0","0"
"/Game/ElectroMob/Materials/Ecran/Ecran_Grigio_ferro1_BaseColor_Mat.Ecran_Grigio_ferro1_BaseColor_Mat","0","0","12","1","0.000000","0","0"
"/Game/ElectroMob/Materials/Ecran/Ecran_Ecran_LED_BaseColor_Mat.Ecran_Ecran_LED_BaseColor_Mat","0","0","21","1","0.000000","0","0"
"/Game/ElectroMob/Materials/Ecran/Ecran_Ecran_BaseColor_Mat.Ecran_Ecran_BaseColor_Mat","0","0","21","1","0.000000","0","0"
"/Game/ElectroMob/Materials/Ecran/Ecran_Contour_Bouton_vert_BaseColor_Mat.Ecran_Contour_Bouton_vert_BaseColor_Mat","0","0","21","1","0.000000","0","0"
"/Game/ElectroMob/Materials/Ecran/Ecran_Contour_Bouton_vert1_BaseColor_Mat.Ecran_Contour_Bouton_vert1_BaseColor_Mat","0","0","12","1","0.000000","0","0"
"/Game/ElectroMob/Materials/Ecran/Ecran_Contour_Bouton_rouge_BaseColor_Mat.Ecran_Contour_Bouton_rouge_BaseColor_Mat","0","0","21","1","0.000000","0","0"
"/Game/ElectroMob/Materials/Ecran/Ecran_Color_M06_BaseColor_Mat.Ecran_Color_M06_BaseColor_Mat","0","0","12","1","0.000000","0","0"
"/Game/ElectroMob/Materials/Ecran/Ecran_Bouton_vert2_BaseColor_Mat.Ecran_Bouton_vert2_BaseColor_Mat","0","0","21","1","0.000000","0","0"
"/Game/ElectroMob/Materials/Ecran/Ecran_Bouton_rouge_BaseColor_Mat.Ecran_Bouton_rouge_BaseColor_Mat","0","0","21","1","0.000000","0","0"
"/Game/ElectroMob/Materials/Ecran/Ecran_Bouchon_BaseColor_Mat.Ecran_Bouchon_BaseColor_Mat","0","0","21","1","0.000000","0","0"
"/Game/ElectroMob/Materials/Ecran/Ecran_Attache_ecran_BaseColor_Mat.Ecran_Attache_ecran_BaseColor_Mat","0","0","21","1","0.000000","0","0"
"/Game/ElectroMob/Materials/Chaine3/Chaine_ST_03_suite_socle_BaseColor_Mat.Chaine_ST_03_suite_socle_BaseColor_Mat","0","0","21","1","0.000000","0","0"
"/Game/ElectroMob/Materials/Chaine3/Chaine_ST_03_Socle_BaseColor_Mat.Chaine_ST_03_Socle_BaseColor_Mat","0","0","21","1","0.000000","0","0"
"/Game/ElectroMob/Materials/Chaine3/Chaine_ST_03_Rail_BaseColor_Mat.Chaine_ST_03_Rail_BaseColor_Mat","0","0","21","1","0.000000","0","0"
"/Game/ElectroMob/Materials/Chaine3/Chaine_ST_03_Moteur_BaseColor_Mat.Chaine_ST_03_Moteur_BaseColor_Mat","0","0","21","1","0.000000","0","0"
"/Game/ElectroMob/Materials/Chaine3/Chaine_ST_03_Courroie_BaseColor_Mat.Chaine_ST_03_Courroie_BaseColor_Mat","0","0","21","1","0.000000","0","0"
"/Game/ElectroMob/Materials/Chaine3/Chaine_ST_03_Color_L05_BaseColor_Mat.Chaine_ST_03_Color_L05_BaseColor_Mat","0","0","21","1","0.000000","0","0"
"/Game/ElectroMob/Materials/Chaine3/Chaine_ST_03_Color_J07_BaseColor_Mat.Chaine_ST_03_Color_J07_BaseColor_Mat","0","0","21","1","0.000000","0","0"
"/Game/ElectroMob/Materials/Chaine3/Chaine_ST_03_Color_J02_BaseColor_Mat.Chaine_ST_03_Color_J02_BaseColor_Mat","0","0","21","1","0.000000","0","0"
"/Game/ElectroMob/Materials/Chaine3/Chaine_ST_03_Color_G07_BaseColor_Mat.Chaine_ST_03_Color_G07_BaseColor_Mat","0","0","21","1","0.000000","0","0"
"/Game/ElectroMob/Materials/Chaine3/Chaine_ST_03_Color_C05_BaseColor_Mat.Chaine_ST_03_Color_C05_BaseColor_Mat","0","0","21","1","0.000000","0","0"
"/Game/ElectroMob/Materials/Chaine3/Chaine_ST_03_Color_B02_BaseColor_Mat.Chaine_ST_03_Color_B02_BaseColor_Mat","0","0","12","1","0.000000","0","0"
"/Game/ElectroMob/Materials/Chaine3/Chaine_ST_03_Bouchon_BaseColor_Mat.Chaine_ST_03_Bouchon_BaseColor_Mat","0","0","21","1","0.000000","0","0"
"/Game/ElectroMob/Materials/Chaine3/Chaine_ST_03_axe_BaseColor_Mat.Chaine_ST_03_axe_BaseColor_Mat","0","0","21","1","0.000000","0","0"
"/Game/ElectroMob/Materials/Chaine2/Chaine_ST_02_Tube_Alu_BaseColor_Mat.Chaine_ST_02_Tube_Alu_BaseColor_Mat","0","0","21","1","0.000000","0","0"
"/Game/ElectroMob/Materials/Chaine2/Chaine_ST_02_Socle_Moteur_BaseColor_Mat.Chaine_ST_02_Socle_Moteur_BaseColor_Mat","0","0","21","1","0.000000","0","0"
"/Game/ElectroMob/Materials/Chaine2/Chaine_ST_02_Rotor_BaseColor_Mat.Chaine_ST_02_Rotor_BaseColor_Mat","0","0","21","1","0.000000","0","0"
"/Game/ElectroMob/Materials/Chaine2/Chaine_ST_02_Rail_BaseColor_Mat.Chaine_ST_02_Rail_BaseColor_Mat","0","0","21","1","0.000000","0","0"
"/Game/ElectroMob/Materials/Chaine2/Chaine_ST_02_Plaque_Socle_BaseColor_Mat.Chaine_ST_02_Plaque_Socle_BaseColor_Mat","0","0","21","1","0.000000","0","0"
"/Game/ElectroMob/Materials/Chaine2/Chaine_ST_02_Patin_pied_BaseColor_Mat.Chaine_ST_02_Patin_pied_BaseColor_Mat","0","0","21","1","0.000000","0","0"
"/Game/ElectroMob/Materials/Chaine2/Chaine_ST_02_Moteur_BaseColor_Mat.Chaine_ST_02_Moteur_BaseColor_Mat","0","0","21","1","0.000000","0","0"
"/Game/ElectroMob/Materials/Chaine2/Chaine_ST_02_Metal_Silver_BaseColor_Mat.Chaine_ST_02_Metal_Silver_BaseColor_Mat","0","0","21","1","0.000000","0","0"
"/Game/ElectroMob/Materials/Chaine2/Chaine_ST_02_Fixation_rail_BaseColor_Mat.Chaine_ST_02_Fixation_rail_BaseColor_Mat","0","0","21","1","0.000000","0","0"
"/Game/ElectroMob/Materials/Chaine2/Chaine_ST_02_Cul_Moteur_BaseColor_Mat.Chaine_ST_02_Cul_Moteur_BaseColor_Mat","0","0","21","1","0.000000","0","0"
"/Game/ElectroMob/Materials/Chaine2/Chaine_ST_02_Courroie_BaseColor_Mat.Chaine_ST_02_Courroie_BaseColor_Mat","0","0","21","1","0.000000","0","0"
"/Game/ElectroMob/Materials/Chaine2/Chaine_ST_02_Color_J08_BaseColor_Mat.Chaine_ST_02_Color_J08_BaseColor_Mat","0","0","21","1","0.000000","0","0"
"/Game/ElectroMob/Materials/Chaine2/Chaine_ST_02_Color_I03_BaseColor_Mat.Chaine_ST_02_Color_I03_BaseColor_Mat","0","0","21","1","0.000000","0","0"
"/Game/ElectroMob/Materials/Chaine2/Chaine_ST_02_Color_D06_BaseColor_Mat.Chaine_ST_02_Color_D06_BaseColor_Mat","0","0","21","1","0.000000","0","0"
"/Game/ElectroMob/Materials/Chaine2/Chaine_ST_02_Color_B04_BaseColor_Mat.Chaine_ST_02_Color_B04_BaseColor_Mat","0","0","21","1","0.000000","0","0"
"/Game/ElectroMob/Materials/Chaine2/Chaine_ST_02_Color_A05_BaseColor_Mat.Chaine_ST_02_Color_A05_BaseColor_Mat","0","0","21","1","0.000000","0","0"
"/Game/ElectroMob/Materials/Chaine2/Chaine_ST_02_Color_A03_BaseColor_Mat.Chaine_ST_02_Color_A03_BaseColor_Mat","0","0","21","1","0.000000","0","0"
"/Game/ElectroMob/Materials/Chaine2/Chaine_ST_02_Color_004_BaseColor_Mat.Chaine_ST_02_Color_004_BaseColor_Mat","0","0","12","1","0.000000","0","0"
"/Game/ElectroMob/Materials/Chaine2/Chaine_ST_02_chemin_BaseColor_Mat.Chaine_ST_02_chemin_BaseColor_Mat","0","0","21","1","0.000000","0","0"
"/Game/ElectroMob/Materials/Chaine2/Chaine_ST_02_Bloc_BaseColor_Mat.Chaine_ST_02_Bloc_BaseColor_Mat","0","0","21","1","0.000000","0","0"
"/Game/ElectroMob/Materials/Chaine1/Chaine_ST_01_Rail_BaseColor_Mat.Chaine_ST_01_Rail_BaseColor_Mat","0","0","21","1","0.000000","0","0"
"/Game/ElectroMob/Materials/Chaine1/Chaine_ST_01_Pied_rail_BaseColor_Mat.Chaine_ST_01_Pied_rail_BaseColor_Mat","0","0","21","1","0.000000","0","0"
"/Game/ElectroMob/Materials/Chaine1/Chaine_ST_01_joint_BaseColor_Mat.Chaine_ST_01_joint_BaseColor_Mat","0","0","21","1","0.000000","0","0"
"/Game/ElectroMob/Materials/Chaine1/Chaine_ST_01_Color_M06_BaseColor_Mat.Chaine_ST_01_Color_M06_BaseColor_Mat","0","0","21","1","0.000000","0","0"
"/Game/ElectroMob/Materials/Chaine1/Chaine_ST_01_Color_J05_BaseColor_Mat.Chaine_ST_01_Color_J05_BaseColor_Mat","0","0","21","1","0.000000","0","0"
"/Game/ElectroMob/Materials/Chaine1/Chaine_ST_01_Color_G08_BaseColor_Mat.Chaine_ST_01_Color_G08_BaseColor_Mat","0","0","21","1","0.000000","0","0"
"/Game/ElectroMob/Materials/Chaine1/Chaine_ST_01_Color_F04_BaseColor_Mat.Chaine_ST_01_Color_F04_BaseColor_Mat","0","0","21","1","0.000000","0","0"
"/Game/ElectroMob/Materials/Chaine1/Chaine_ST_01_Color_E05_BaseColor_Mat.Chaine_ST_01_Color_E05_BaseColor_Mat","0","0","21","1","0.000000","0","0"
"/Game/ElectroMob/Materials/Chaine1/Chaine_ST_01_Color_D04_BaseColor_Mat.Chaine_ST_01_Color_D04_BaseColor_Mat","0","0","21","1","0.000000","0","0"
"/Game/ElectroMob/Materials/Chaine1/Chaine_ST_01_Cale_BaseColor_Mat.Chaine_ST_01_Cale_BaseColor_Mat","0","0","21","1","0.000000","0","0"
"/Game/ElectroMob/Materials/Chaine1/Chaine_ST_01_Bouchon_BaseColor_Mat.Chaine_ST_01_Bouchon_BaseColor_Mat","0","0","12","1","0.000000","0","0"
"/Game/ElectroMob/Materials/Chaine1/Chaine_ST_01_Base_moteur_BaseColor_Mat.Chaine_ST_01_Base_moteur_BaseColor_Mat","0","0","21","1","0.000000","0","0"
"/Game/ElectroMob/Materials/Chaine1/Chaine_ST_01_axe_BaseColor_Mat.Chaine_ST_01_axe_BaseColor_Mat","0","0","21","1","0.000000","0","0"
"/Engine/EngineMaterials/PPM_DefaultCalibrationGrayscale.PPM_DefaultCalibrationGrayscale","0","0","5","1","0.000000","0","0"
"/Engine/EngineMaterials/PPM_DefaultCalibrationColor.PPM_DefaultCalibrationColor","0","0","5","1","0.000000","0","0"
"/Engine/EditorMaterials/PreviewShadowIndicatorMaterial.PreviewShadowIndicatorMaterial","0","0","17","1","0.000000","0","0"
"/Engine/EngineSky/M_Sky_Panning_Clouds2.M_Sky_Panning_Clouds2","0","0","2","1","0.000000","0","0"
"/Engine/Tutorial/SubEditors/TutorialAssets/M_smoke_subUV_blackbody.M_smoke_subUV_blackbody","0","0","9","1","0.000000","0","0"
"/Engine/EditorMaterials/MatineeCam_mat.MatineeCam_mat","0","0","12","1","0.000000","0","0"
"/Engine/VREditor/BasicMeshes/M_Floor_01.M_Floor_01","0","0","21","1","0.000000","0","0"
"/Game/ElectroMob/Materials/Bouchon/Bouchon.Bouchon","0","0","21","1","0.000000","0","0"
"/Game/ElectroMob/Materials/Chaine1/Chaine_ST_01_Tube_Alu_BaseColor_Mat.Chaine_ST_01_Tube_Alu_BaseColor_Mat","0","0","21","1","0.000000","0","0"
"/Game/ElectroMob/Materials/Chaine2/Chaine_ST_02_Plaque_02_BaseColor_Mat.Chaine_ST_02_Plaque_02_BaseColor_Mat","0","0","21","1","0.000000","0","0"
"/Game/ElectroMob/Materials/Chaine2/Chaine_ST_02_Plaque_01_BaseColor_Mat.Chaine_ST_02_Plaque_01_BaseColor_Mat","0","0","21","1","0.000000","0","0"
"/Game/ElectroMob/Materials/Chaine3/Chaine_ST_03_Cul_Moteur_BaseColor_Mat.Chaine_ST_03_Cul_Moteur_BaseColor_Mat","0","0","21","1","0.000000","0","0"
"/Game/ElectroMob/Materials/Robot/K2_Cable_3_BaseColor_Mat.K2_Cable_3_BaseColor_Mat","0","0","12","1","0.000000","0","0"
"/Game/ElectroMob/Materials/Robot/K1_Orange_K_BaseColor_Mat.K1_Orange_K_BaseColor_Mat","0","0","12","1","0.000000","0","0"
"/Game/ElectroMob/Materials/Robot/K1_Material_001_BaseColor_Mat.K1_Material_001_BaseColor_Mat","0","0","12","1","0.000000","0","0"
"/Game/ElectroMob/Materials/Murs/Murs__Metal_Silver_1_BaseColor_Mat.Murs__Metal_Silver_1_BaseColor_Mat","0","0","12","1","0.000000","0","0"
"/Game/ElectroMob/Materials/Murs/Murs__Gray3_1_BaseColor_Mat.Murs__Gray3_1_BaseColor_Mat","0","0","21","1","0.000000","0","0"
"/Game/ElectroMob/Materials/Murs/Murs_Raccord_BaseColor_Mat.Murs_Raccord_BaseColor_Mat","0","0","12","1","0.000000","0","0"
"/Game/ElectroMob/Materials/Murs/Murs_Metal_Aluminum_Anodized_BaseColor_Mat.Murs_Metal_Aluminum_Anodized_BaseColor_Mat","0","0","21","1","0.000000","0","0"
"/Game/ElectroMob/Materials/Murs/Murs_Color_F05_BaseColor_Mat.Murs_Color_F05_BaseColor_Mat","0","0","12","1","0.000000","0","0"
"/Game/ElectroMob/Materials/Murs/Murs_Color_B06_BaseColor_Mat.Murs_Color_B06_BaseColor_Mat","0","0","12","1","0.000000","0","0"
"/Game/ElectroMob/Materials/Ecran/Ecran_Vis_BaseColor_Mat.Ecran_Vis_BaseColor_Mat","0","0","21","1","0.000000","0","0"
"/Game/ElectroMob/Materials/Ecran/Ecran_Socle_bouton_BaseColor_Mat.Ecran_Socle_bouton_BaseColor_Mat","0","0","21","1","0.000000","0","0"
"/Game/ElectroMob/Materials/Ecran/Ecran_Pied_BaseColor_Mat.Ecran_Pied_BaseColor_Mat","0","0","21","1","0.000000","0","0"
"/Game/ElectroMob/Materials/Ecran/Ecran_Mat_BaseColor_Mat.Ecran_Mat_BaseColor_Mat","0","0","21","1","0.000000","0","0"
"/Game/ElectroMob/Materials/Murs/Murs_Verre_BaseColor_Mat.Murs_Verre_BaseColor_Mat","0","0","27","1","0.000000","0","0"
"/Game/ElectroMob/Materials/Murs/Murs_Translucent_Glass_Blue_BaseColor_Mat.Murs_Translucent_Glass_Blue_BaseColor_Mat","0","0","27","1","0.000000","0","0"
"/Game/ElectroMob/Materials/Murs/Murs_Steel_Brushed_Stainless_BaseColor_Mat.Murs_Steel_Brushed_Stainless_BaseColor_Mat","0","0","21","1","0.000000","0","0"
"/Game/ElectroMob/Materials/Murs/Murs_Sol2_BaseColor_Mat.Murs_Sol2_BaseColor_Mat","0","0","21","1","0.000000","0","0"
"/Game/ElectroMob/Materials/Robot/K3_Material_005_BaseColor_Mat.K3_Material_005_BaseColor_Mat","0","0","12","1","0.000000","0","0"
"/Game/ElectroMob/Materials/Robot/KR3010_Cable_3_BaseColor_Mat.KR3010_Cable_3_BaseColor_Mat","0","0","12","1","0.000000","0","0"
"/Game/ElectroMob/Materials/Robot/KR309_Vis_3_BaseColor_Mat.KR309_Vis_3_BaseColor_Mat","0","0","12","1","0.000000","0","0"
"/Game/ElectroMob/Materials/Soudure/Soudure_Plaque_avant_BaseColor_Mat.Soudure_Plaque_avant_BaseColor_Mat","0","0","12","1","0.000000","0","0"
"/Game/ElectroMob/Materials/Soudure/Soudure_Plaque_2_BaseColor_Mat.Soudure_Plaque_2_BaseColor_Mat","0","0","21","1","0.000000","0","0"
"/OculusXR/Materials/M_DistanceMapAll.M_DistanceMapAll","0","2","2","1","5.374588","0","2"
"/OculusXR/Materials/M_DistanceMapFree.M_DistanceMapFree","0","2","2","1","4.858218","0","2"
"/Engine/VREditor/SnapGrid/SnapGridMaterial.SnapGridMaterial","0","0","10","1","0.000000","0","0"
"/Engine/EngineSky/VolumetricClouds/m_SimpleVolumetricCloud.m_SimpleVolumetricCloud","0","0","100","1","0.000000","0","0"
"/Game/FPWeapon/Materials/M_FPGun.M_FPGun","0","0","56","1","0.000000","0","0"
"/Game/ElectroMob/Materials/Soudure/Verre.Verre","0","0","27","1","0.000000","0","0"
"/Engine/Functions/Engine_MaterialFunctions02/ExampleContent/3dParticleOpacity_Mat.3dParticleOpacity_Mat","0","0","27","1","0.000000","0","27"
"/Interchange/gltf/M_Unlit.M_Unlit","0","0","100","6","0.000000","0","0"
"/Game/VRTemplate/Materials/M_TeleportNoise.M_TeleportNoise","0","0","9","1","0.000000","0","0"
"/Game/VRTemplate/Materials/M_TeleportCylinder.M_TeleportCylinder","0","0","15","1","0.000000","0","0"
"/Game/Characters/MannequinsXR/Materials/M_Mannequin.M_Mannequin","0","0","56","2","0.000000","0","28"
"/Game/LevelPrototyping/Materials/M_PrototypeGrid.M_PrototypeGrid","0","0","63","3","0.000000","0","21"
"/Game/VRTemplate/Materials/M_GridRotation.M_GridRotation","0","0","42","2","0.000000","0","21"
"/SpeedTreeImporter/SpeedTree9/SpeedTreeBillboardMaster.SpeedTreeBillboardMaster","0","0","58","1","0.000000","0","0"
"/SpeedTreeImporter/SpeedTree9/SpeedTreeMaster.SpeedTreeMaster","0","0","84","1","0.000000","0","0"
"/Interchange/gltf/M_SpecularGlossiness.M_SpecularGlossiness","0","0","244","6","0.000000","0","0"
"/Interchange/gltf/M_Transmission.M_Transmission","0","0","76","2","0.000000","0","0"
"/Interchange/gltf/M_Sheen.M_Sheen","0","0","244","6","0.000000","0","0"
"/Interchange/gltf/M_ClearCoat.M_ClearCoat","0","0","244","6","0.000000","0","0"
"/Interchange/gltf/M_Default.M_Default","0","0","244","6","0.000000","0","0"
"/OculusXR/Materials/M_DistanceMapOccupied.M_DistanceMapOccupied","0","2","2","1","3.391779","0","2"
"/OculusXR/Materials/RightMetaQuestTouchPlusMaterial.RightMetaQuestTouchPlusMaterial","0","12","12","1","120.683113","0","12"
"/OculusXR/Materials/LeftMetaQuestTouchPlusMaterial.LeftMetaQuestTouchPlusMaterial","0","12","12","1","0.000000","0","12"
"/OculusXR/Materials/M_JFAPass.M_JFAPass","0","3","3","1","6.023944","0","3"
"/OculusXR/Materials/M_CreateMask.M_CreateMask","0","3","3","1","5.655225","0","3"
"/OculusXR/Materials/RightMetaQuestTouchProMaterial.RightMetaQuestTouchProMaterial","0","12","12","1","120.801071","0","12"
"/OculusXR/Materials/LeftMetaQuestTouchProMaterial.LeftMetaQuestTouchProMaterial","0","12","12","1","0.000000","0","12"
"/OculusXR/Materials/TouchForQuest2Material.TouchForQuest2Material","0","12","0","1","0.000000","0","0"
"/OculusXR/Materials/M_BlobShadow.M_BlobShadow","0","3","3","1","4.765068","0","3"
"/OculusXR/Materials/TouchForQuestRiftSControllerMaterial.TouchForQuestRiftSControllerMaterial","0","12","0","1","0.000000","0","0"
"Globals","49","4","0","1","0.000000","0","0"
"/OculusXR/Materials/M_FloorMask.M_FloorMask","49","5","5","1","4.226937","0","5"
"/OculusXR/Materials/M_SceneObjectMask.M_SceneObjectMask","49","5","5","1","2.860136","0","5"
"/OculusXR/Materials/OculusMR_OpaqueColoredMaterial.OculusMR_OpaqueColoredMaterial","49","5","5","1","3.906081","0","5"
"/OculusXR/Materials/PokeAHoleMaterial.PokeAHoleMaterial","49","6","6","1","3.817415","0","6"
"/ControlRig/Controls/ControlRigGizmoMaterial.ControlRigGizmoMaterial","49","0","5","1","0.000000","0","0"
"/Engine/EngineDebugMaterials/DebugEditorMaterial.DebugEditorMaterial","49","0","9","1","0.000000","0","0"
"/Engine/EditorMaterials/PhAT_NoCollisionMaterial.PhAT_NoCollisionMaterial","49","0","6","1","0.000000","0","0"
"/Engine/EditorMaterials/PhAT_UnselectedMaterial.PhAT_UnselectedMaterial","49","0","6","1","0.000000","0","0"
"/MeshModelingToolset/Materials/M_DynamicMeshComponentVtxColor.M_DynamicMeshComponentVtxColor","49","0","22","1","0.000000","0","0"
"/Engine/EngineMaterials/NaniteHiddenSectionMaterial.NaniteHiddenSectionMaterial","49","0","33","1","0.000000","0","0"
"/Engine/EngineDebugMaterials/DebugMeshMaterial.DebugMeshMaterial","49","0","8","1","0.000000","0","0"
"/Engine/EngineMaterials/GizmoMaterial.GizmoMaterial","49","0","9","1","0.000000","0","0"
"/Engine/EngineMaterials/RemoveSurfaceMaterial.RemoveSurfaceMaterial","49","0","5","1","0.000000","0","0"
"/Engine/EditorMaterials/Dataflow/DataflowVertexMaterial.DataflowVertexMaterial","49","0","28","1","0.000000","0","0"
"/Engine/BasicShapes/BasicShapeMaterial.BasicShapeMaterial","49","0","118","1","0.000000","0","0"
"/ControlRig/Controls/ControlRigXRayMaterial.ControlRigXRayMaterial","49","0","12","1","0.000000","0","0"
"/Engine/EditorLandscapeResources/SplineEditorMeshMat.SplineEditorMeshMat","49","0","22","1","0.000000","0","0"
"/Engine/EngineDebugMaterials/M_SimpleUnlitTranslucent.M_SimpleUnlitTranslucent","49","0","6","1","0.000000","0","0"
"/Engine/EditorMaterials/Camera/CineMat.CineMat","49","0","32","1","0.000000","0","0"
"/Engine/VREditor/TransformGizmo/Xray.Xray","49","0","16","1","0.000000","0","0"
"/Engine/VREditor/TransformGizmo/Main.Main","49","0","6","1","0.000000","0","0"
"/Engine/VREditor/TransformGizmo/TranslucentTransformGizmoMaterial.TranslucentTransformGizmoMaterial","49","0","6","1","0.000000","0","0"
"/Engine/EngineMaterials/DefaultLightFunctionMaterial.DefaultLightFunctionMaterial","49","0","39","1","0.000000","0","0"
"/Game/VRTemplate/Materials/M_VRCursor.M_VRCursor","49","0","5","1","0.000000","0","0"
"/Game/VRTemplate/Materials/M_Projectile.M_Projectile","49","0","16","1","0.000000","0","0"
"/Game/VRTemplate/Materials/M_LeftEyeGreen_RightEyeRed.M_LeftEyeGreen_RightEyeRed","49","0","16","1","0.000000","0","0"
"/Game/VRTemplate/Materials/DefaultRibbonMaterial_NoGradient.DefaultRibbonMaterial_NoGradient","49","0","24","1","0.000000","0","0"
"/Game/LevelPrototyping/Materials/M_Solid.M_Solid","49","0","28","1","0.000000","0","0"
"/Game/FPWeapon/Materials/BaseMaterial.BaseMaterial","49","0","40","1","0.000000","0","0"
"/OculusXR/Materials/M_DistanceMapAll.M_DistanceMapAll","49","5","5","1","5.467126","0","5"
"/OculusXR/Materials/M_DistanceMapOccupied.M_DistanceMapOccupied","49","5","5","1","4.822508","0","5"
"/OculusXR/Materials/M_DistanceMapFree.M_DistanceMapFree","49","5","5","1","4.014934","0","5"
"/OculusXR/Materials/RightMetaQuestTouchPlusMaterial.RightMetaQuestTouchPlusMaterial","49","16","16","1","44.474541","0","16"
"/OculusXR/Materials/LeftMetaQuestTouchPlusMaterial.LeftMetaQuestTouchPlusMaterial","49","16","16","1","0.000000","0","16"
"/OculusXR/Materials/RightMetaQuestTouchProMaterial.RightMetaQuestTouchProMaterial","49","16","16","1","42.373417","0","16"
"/OculusXR/Materials/LeftMetaQuestTouchProMaterial.LeftMetaQuestTouchProMaterial","49","16","16","1","0.000000","0","16"
"/OculusXR/Materials/TouchForQuest2Material.TouchForQuest2Material","49","16","16","1","40.045811","0","0"
"/OculusXR/Materials/TouchForQuestRiftSControllerMaterial.TouchForQuestRiftSControllerMaterial","49","16","16","1","41.991463","0","0"
"/OculusXR/Materials/M_JFAPass.M_JFAPass","49","6","6","1","6.050208","0","6"
"/OculusXR/Materials/M_CreateMask.M_CreateMask","49","6","6","1","5.789931","0","6"
"/OculusXR/Materials/M_BlobShadow.M_BlobShadow","49","6","6","1","7.858017","0","6"
"/Engine/VREditor/Devices/Generic/GenericHMDMaterial.GenericHMDMaterial","49","0","16","1","0.000000","0","0"
"/Engine/EngineMaterials/PhAT_JointLimitMaterial.PhAT_JointLimitMaterial","49","0","12","1","0.000000","0","0"
"/ControlRig/M_Manip.M_Manip","49","0","12","1","0.000000","0","0"
"/Engine/EngineDebugMaterials/M_VolumeRenderSphereTracePP.M_VolumeRenderSphereTracePP","49","0","7","1","0.000000","0","0"
"/Engine/VREditor/TransformGizmo/TransformGizmoMaterial.TransformGizmoMaterial","49","0","5","1","0.000000","0","0"
"/OpenXR/Devices/M_XRController.M_XRController","49","0","48","3","0.000000","0","64"
"/Engine/EngineMaterials/Widget3DPassThrough.Widget3DPassThrough","49","0","72","6","0.000000","0","6"
"/Paper2D/DefaultSpriteMaterial.DefaultSpriteMaterial","49","0","62","2","0.000000","0","0"
"/Engine/EngineMaterials/FlattenMaterial_WS_Normal_VT.FlattenMaterial_WS_Normal_VT","49","0","74","1","0.000000","0","0"
"/Engine/EngineMaterials/FlattenMaterial_VT.FlattenMaterial_VT","49","0","74","1","0.000000","0","0"
"/Engine/EngineMaterials/M_InvalidLightmapSettings.M_InvalidLightmapSettings","49","0","32","1","0.000000","0","0"
"/Engine/EngineMaterials/EmissiveMeshMaterial.EmissiveMeshMaterial","49","0","8","1","0.000000","0","0"
"/Engine/EngineMaterials/FlattenMaterial.FlattenMaterial","49","0","74","1","0.000000","0","0"
"/Engine/EngineMaterials/DefaultPostProcessMaterial.DefaultPostProcessMaterial","49","0","29","1","0.000000","0","0"
"/Engine/EngineMaterials/DefaultDeferredDecalMaterial.DefaultDeferredDecalMaterial","49","0","132","1","0.000000","0","0"
"/Engine/EngineMaterials/DefaultMaterial.DefaultMaterial","49","0","155","1","0.000000","0","0"
"/Engine/EngineMaterials/WorldGridMaterial.WorldGridMaterial","49","0","1231","1","0.000000","0","0"
"/Engine/EngineMaterials/DefaultTextMaterialOpaque.DefaultTextMaterialOpaque","49","0","35","1","0.000000","0","0"
"/Game/ElectroMob/Materials/Soudure/Soudure_Structure_BaseColor_Mat.Soudure_Structure_BaseColor_Mat","49","0","28","1","0.000000","0","0"
"/Game/ElectroMob/Materials/Soudure/Soudure_Plastique_BaseColor_Mat.Soudure_Plastique_BaseColor_Mat","49","0","28","1","0.000000","0","0"
"/Game/ElectroMob/Materials/Soudure/Soudure_Plaque_01_BaseColor_Mat.Soudure_Plaque_01_BaseColor_Mat","49","0","28","1","0.000000","0","0"
"/Game/ElectroMob/Materials/Soudure/Soudure_Noir_BaseColor_Mat.Soudure_Noir_BaseColor_Mat","49","0","28","1","0.000000","0","0"
"/Game/ElectroMob/Materials/Soudure/Soudure_Metal_Steel_Textured_White_BaseColor_Mat.Soudure_Metal_Steel_Textured_White_BaseColor_Mat","49","0","28","1","0.000000","0","0"
"/Game/ElectroMob/Materials/Soudure/Soudure_Contour_fenetre_BaseColor_Mat.Soudure_Contour_fenetre_BaseColor_Mat","49","0","28","1","0.000000","0","0"
"/Game/ElectroMob/Materials/Soudure/Soudure_Color_M06_BaseColor_Mat.Soudure_Color_M06_BaseColor_Mat","49","0","28","1","0.000000","0","0"
"/Game/ElectroMob/Materials/Soudure/Soudure_Color_E03_BaseColor_Mat.Soudure_Color_E03_BaseColor_Mat","49","0","28","1","0.000000","0","0"
"/Game/ElectroMob/Materials/Soudure/Soudure_Color_D02_BaseColor_Mat.Soudure_Color_D02_BaseColor_Mat","49","0","28","1","0.000000","0","0"
"/Game/ElectroMob/Materials/Soudure/Soudure_Color_C04_BaseColor_Mat.Soudure_Color_C04_BaseColor_Mat","49","0","28","1","0.000000","0","0"
"/Game/ElectroMob/Materials/Soudure/NewMaterial.NewMaterial","49","0","28","1","0.000000","0","0"
"/Game/ElectroMob/Materials/Socle/Base_robot_vis_BaseColor_Mat.Base_robot_vis_BaseColor_Mat","49","0","28","1","0.000000","0","0"
"/Game/ElectroMob/Materials/Socle/Base_robot_Partie_2_BaseColor_Mat.Base_robot_Partie_2_BaseColor_Mat","49","0","28","1","0.000000","0","0"
"/Game/ElectroMob/Materials/Socle/Base_robot_Partie_1_BaseColor_Mat.Base_robot_Partie_1_BaseColor_Mat","49","0","28","1","0.000000","0","0"
"/Game/ElectroMob/Materials/Socle/Base_robot_Ecrou_BaseColor_Mat.Base_robot_Ecrou_BaseColor_Mat","49","0","28","1","0.000000","0","0"
"/Game/ElectroMob/Materials/Socle/Base_robot_Base_BaseColor_Mat.Base_robot_Base_BaseColor_Mat","49","0","28","1","0.000000","0","0"
"/Game/ElectroMob/Materials/Robot/KR309_?crou_BaseColor_Mat.KR309_?crou_BaseColor_Mat","49","0","16","1","0.000000","0","0"
"/Game/ElectroMob/Materials/Robot/KR308_Vis_3_BaseColor_Mat.KR308_Vis_3_BaseColor_Mat","49","0","16","1","0.000000","0","0"
"/Game/ElectroMob/Materials/Robot/KR307_Vis_3_BaseColor_Mat.KR307_Vis_3_BaseColor_Mat","49","0","16","1","0.000000","0","0"
"/Game/ElectroMob/Materials/Robot/KR307_Noir_BaseColor_Mat.KR307_Noir_BaseColor_Mat","49","0","16","1","0.000000","0","0"
"/Game/ElectroMob/Materials/Robot/KR306_Vis_3_BaseColor_Mat.KR306_Vis_3_BaseColor_Mat","49","0","16","1","0.000000","0","0"
"/Game/ElectroMob/Materials/Robot/KR306_Noir_BaseColor_Mat.KR306_Noir_BaseColor_Mat","49","0","16","1","0.000000","0","0"
"/Game/ElectroMob/Materials/Robot/KR3013_Vis_3_BaseColor_Mat.KR3013_Vis_3_BaseColor_Mat","49","0","16","1","0.000000","0","0"
"/Game/ElectroMob/Materials/Robot/KR3013_cable_BaseColor_Mat.KR3013_cable_BaseColor_Mat","49","0","16","1","0.000000","0","0"
"/Game/ElectroMob/Materials/Robot/KR3012_Vis_3_BaseColor_Mat.KR3012_Vis_3_BaseColor_Mat","49","0","16","1","0.000000","0","0"
"/Game/ElectroMob/Materials/Robot/KR3011_?crou_BaseColor_Mat.KR3011_?crou_BaseColor_Mat","49","0","16","1","0.000000","0","0"
"/Game/ElectroMob/Materials/Robot/KR3011_vis_BaseColor_Mat.KR3011_vis_BaseColor_Mat","49","0","16","1","0.000000","0","0"
"/Game/ElectroMob/Materials/Robot/KR3011_prise_BaseColor_Mat.KR3011_prise_BaseColor_Mat","49","0","16","1","0.000000","0","0"
"/Game/ElectroMob/Materials/Robot/KR3011_cable_BaseColor_Mat.KR3011_cable_BaseColor_Mat","49","0","16","1","0.000000","0","0"
"/Game/ElectroMob/Materials/Robot/KR3010_?crou_001_BaseColor_Mat.KR3010_?crou_001_BaseColor_Mat","49","0","16","1","0.000000","0","0"
"/Game/ElectroMob/Materials/Robot/KR3010_Vis_3_BaseColor_Mat.KR3010_Vis_3_BaseColor_Mat","49","0","16","1","0.000000","0","0"
"/Game/ElectroMob/Materials/Robot/KR3010_Prise_3_BaseColor_Mat.KR3010_Prise_3_BaseColor_Mat","49","0","16","1","0.000000","0","0"
"/Game/ElectroMob/Materials/Robot/K5_?crou_BaseColor_Mat.K5_?crou_BaseColor_Mat","49","0","16","1","0.000000","0","0"
"/Game/ElectroMob/Materials/Robot/K5_Vis_3_BaseColor_Mat.K5_Vis_3_BaseColor_Mat","49","0","16","1","0.000000","0","0"
"/Game/ElectroMob/Materials/Robot/K5_Orange_K_BaseColor_Mat.K5_Orange_K_BaseColor_Mat","49","0","16","1","0.000000","0","0"
"/Game/ElectroMob/Materials/Robot/K5_Material_003_BaseColor_Mat.K5_Material_003_BaseColor_Mat","49","0","16","1","0.000000","0","0"
"/Game/ElectroMob/Materials/Robot/K5_Material_002_BaseColor_Mat.K5_Material_002_BaseColor_Mat","49","0","16","1","0.000000","0","0"
"/Game/ElectroMob/Materials/Robot/K5_Material_001_BaseColor_Mat.K5_Material_001_BaseColor_Mat","49","0","28","1","0.000000","0","0"
"/Game/ElectroMob/Materials/Robot/K5_cuivre_BaseColor_Mat.K5_cuivre_BaseColor_Mat","49","0","16","1","0.000000","0","0"
"/Game/ElectroMob/Materials/Robot/K5_cable_vert_BaseColor_Mat.K5_cable_vert_BaseColor_Mat","49","0","16","1","0.000000","0","0"
"/Game/ElectroMob/Materials/Robot/K5_cable_jaune_BaseColor_Mat.K5_cable_jaune_BaseColor_Mat","49","0","16","1","0.000000","0","0"
"/Game/ElectroMob/Materials/Robot/K5_Cable_3_BaseColor_Mat.K5_Cable_3_BaseColor_Mat","49","0","16","1","0.000000","0","0"
"/Game/ElectroMob/Materials/Robot/K5_bleu_fil_BaseColor_Mat.K5_bleu_fil_BaseColor_Mat","49","0","16","1","0.000000","0","0"
"/Game/ElectroMob/Materials/Robot/K5_blanc_fil_BaseColor_Mat.K5_blanc_fil_BaseColor_Mat","49","0","16","1","0.000000","0","0"
"/Game/ElectroMob/Materials/Robot/K4_Orange_K_BaseColor_Mat.K4_Orange_K_BaseColor_Mat","49","0","28","1","0.000000","0","0"
"/Game/ElectroMob/Materials/Robot/K4_Material_001_BaseColor_Mat.K4_Material_001_BaseColor_Mat","49","0","16","1","0.000000","0","0"
"/Game/ElectroMob/Materials/Robot/K3_Orange_K_BaseColor_Mat.K3_Orange_K_BaseColor_Mat","49","0","16","1","0.000000","0","0"
"/Game/ElectroMob/Materials/Robot/K3_Material_004_BaseColor_Mat.K3_Material_004_BaseColor_Mat","49","0","16","1","0.000000","0","0"
"/Game/ElectroMob/Materials/Robot/K3_Material_003_BaseColor_Mat.K3_Material_003_BaseColor_Mat","49","0","16","1","0.000000","0","0"
"/Game/ElectroMob/Materials/Robot/K3_Material_002_BaseColor_Mat.K3_Material_002_BaseColor_Mat","49","0","16","1","0.000000","0","0"
"/Game/ElectroMob/Materials/Robot/K3_Material_001_BaseColor_Mat.K3_Material_001_BaseColor_Mat","49","0","16","1","0.000000","0","0"
"/Game/ElectroMob/Materials/Robot/K2_Orange_K_BaseColor_Mat.K2_Orange_K_BaseColor_Mat","49","0","16","1","0.000000","0","0"
"/Game/ElectroMob/Materials/Robot/K2_Material_001_BaseColor_Mat.K2_Material_001_BaseColor_Mat","49","0","16","1","0.000000","0","0"
"/Game/ElectroMob/Materials/Ecran/Ecran_Grigio_ferro1_BaseColor_Mat.Ecran_Grigio_ferro1_BaseColor_Mat","49","0","16","1","0.000000","0","0"
"/Game/ElectroMob/Materials/Ecran/Ecran_Ecran_LED_BaseColor_Mat.Ecran_Ecran_LED_BaseColor_Mat","49","0","28","1","0.000000","0","0"
"/Game/ElectroMob/Materials/Ecran/Ecran_Ecran_BaseColor_Mat.Ecran_Ecran_BaseColor_Mat","49","0","28","1","0.000000","0","0"
"/Game/ElectroMob/Materials/Ecran/Ecran_Contour_Bouton_vert_BaseColor_Mat.Ecran_Contour_Bouton_vert_BaseColor_Mat","49","0","28","1","0.000000","0","0"
"/Game/ElectroMob/Materials/Ecran/Ecran_Contour_Bouton_vert1_BaseColor_Mat.Ecran_Contour_Bouton_vert1_BaseColor_Mat","49","0","16","1","0.000000","0","0"
"/Game/ElectroMob/Materials/Ecran/Ecran_Contour_Bouton_rouge_BaseColor_Mat.Ecran_Contour_Bouton_rouge_BaseColor_Mat","49","0","28","1","0.000000","0","0"
"/Game/ElectroMob/Materials/Ecran/Ecran_Color_M06_BaseColor_Mat.Ecran_Color_M06_BaseColor_Mat","49","0","16","1","0.000000","0","0"
"/Game/ElectroMob/Materials/Ecran/Ecran_Bouton_vert2_BaseColor_Mat.Ecran_Bouton_vert2_BaseColor_Mat","49","0","28","1","0.000000","0","0"
"/Game/ElectroMob/Materials/Ecran/Ecran_Bouton_rouge_BaseColor_Mat.Ecran_Bouton_rouge_BaseColor_Mat","49","0","28","1","0.000000","0","0"
"/Game/ElectroMob/Materials/Ecran/Ecran_Bouchon_BaseColor_Mat.Ecran_Bouchon_BaseColor_Mat","49","0","28","1","0.000000","0","0"
"/Game/ElectroMob/Materials/Ecran/Ecran_Attache_ecran_BaseColor_Mat.Ecran_Attache_ecran_BaseColor_Mat","49","0","28","1","0.000000","0","0"
"/Game/ElectroMob/Materials/Chaine3/Chaine_ST_03_suite_socle_BaseColor_Mat.Chaine_ST_03_suite_socle_BaseColor_Mat","49","0","28","1","0.000000","0","0"
"/Game/ElectroMob/Materials/Chaine3/Chaine_ST_03_Socle_BaseColor_Mat.Chaine_ST_03_Socle_BaseColor_Mat","49","0","28","1","0.000000","0","0"
"/Game/ElectroMob/Materials/Chaine3/Chaine_ST_03_Rail_BaseColor_Mat.Chaine_ST_03_Rail_BaseColor_Mat","49","0","28","1","0.000000","0","0"
"/Game/ElectroMob/Materials/Chaine3/Chaine_ST_03_Moteur_BaseColor_Mat.Chaine_ST_03_Moteur_BaseColor_Mat","49","0","28","1","0.000000","0","0"
"/Game/ElectroMob/Materials/Chaine3/Chaine_ST_03_Courroie_BaseColor_Mat.Chaine_ST_03_Courroie_BaseColor_Mat","49","0","28","1","0.000000","0","0"
"/Game/ElectroMob/Materials/Chaine3/Chaine_ST_03_Color_L05_BaseColor_Mat.Chaine_ST_03_Color_L05_BaseColor_Mat","49","0","28","1","0.000000","0","0"
"/Game/ElectroMob/Materials/Chaine3/Chaine_ST_03_Color_J07_BaseColor_Mat.Chaine_ST_03_Color_J07_BaseColor_Mat","49","0","28","1","0.000000","0","0"
"/Game/ElectroMob/Materials/Chaine3/Chaine_ST_03_Color_J02_BaseColor_Mat.Chaine_ST_03_Color_J02_BaseColor_Mat","49","0","28","1","0.000000","0","0"
"/Game/ElectroMob/Materials/Chaine3/Chaine_ST_03_Color_G07_BaseColor_Mat.Chaine_ST_03_Color_G07_BaseColor_Mat","49","0","28","1","0.000000","0","0"
"/Game/ElectroMob/Materials/Chaine3/Chaine_ST_03_Color_C05_BaseColor_Mat.Chaine_ST_03_Color_C05_BaseColor_Mat","49","0","28","1","0.000000","0","0"
"/Game/ElectroMob/Materials/Chaine3/Chaine_ST_03_Color_B02_BaseColor_Mat.Chaine_ST_03_Color_B02_BaseColor_Mat","49","0","16","1","0.000000","0","0"
"/Game/ElectroMob/Materials/Chaine3/Chaine_ST_03_Bouchon_BaseColor_Mat.Chaine_ST_03_Bouchon_BaseColor_Mat","49","0","28","1","0.000000","0","0"
"/Game/ElectroMob/Materials/Chaine3/Chaine_ST_03_axe_BaseColor_Mat.Chaine_ST_03_axe_BaseColor_Mat","49","0","28","1","0.000000","0","0"
"/Game/ElectroMob/Materials/Chaine2/Chaine_ST_02_Tube_Alu_BaseColor_Mat.Chaine_ST_02_Tube_Alu_BaseColor_Mat","49","0","28","1","0.000000","0","0"
"/Game/ElectroMob/Materials/Chaine2/Chaine_ST_02_Socle_Moteur_BaseColor_Mat.Chaine_ST_02_Socle_Moteur_BaseColor_Mat","49","0","28","1","0.000000","0","0"
"/Game/ElectroMob/Materials/Chaine2/Chaine_ST_02_Rotor_BaseColor_Mat.Chaine_ST_02_Rotor_BaseColor_Mat","49","0","28","1","0.000000","0","0"
"/Game/ElectroMob/Materials/Chaine2/Chaine_ST_02_Rail_BaseColor_Mat.Chaine_ST_02_Rail_BaseColor_Mat","49","0","28","1","0.000000","0","0"
"/Game/ElectroMob/Materials/Chaine2/Chaine_ST_02_Plaque_Socle_BaseColor_Mat.Chaine_ST_02_Plaque_Socle_BaseColor_Mat","49","0","28","1","0.000000","0","0"
"/Game/ElectroMob/Materials/Chaine2/Chaine_ST_02_Patin_pied_BaseColor_Mat.Chaine_ST_02_Patin_pied_BaseColor_Mat","49","0","28","1","0.000000","0","0"
"/Game/ElectroMob/Materials/Chaine2/Chaine_ST_02_Moteur_BaseColor_Mat.Chaine_ST_02_Moteur_BaseColor_Mat","49","0","28","1","0.000000","0","0"
"/Game/ElectroMob/Materials/Chaine2/Chaine_ST_02_Metal_Silver_BaseColor_Mat.Chaine_ST_02_Metal_Silver_BaseColor_Mat","49","0","28","1","0.000000","0","0"
"/Game/ElectroMob/Materials/Chaine2/Chaine_ST_02_Fixation_rail_BaseColor_Mat.Chaine_ST_02_Fixation_rail_BaseColor_Mat","49","0","28","1","0.000000","0","0"
"/Game/ElectroMob/Materials/Chaine2/Chaine_ST_02_Cul_Moteur_BaseColor_Mat.Chaine_ST_02_Cul_Moteur_BaseColor_Mat","49","0","28","1","0.000000","0","0"
"/Game/ElectroMob/Materials/Chaine2/Chaine_ST_02_Courroie_BaseColor_Mat.Chaine_ST_02_Courroie_BaseColor_Mat","49","0","28","1","0.000000","0","0"
"/Game/ElectroMob/Materials/Chaine2/Chaine_ST_02_Color_J08_BaseColor_Mat.Chaine_ST_02_Color_J08_BaseColor_Mat","49","0","28","1","0.000000","0","0"
"/Game/ElectroMob/Materials/Chaine2/Chaine_ST_02_Color_I03_BaseColor_Mat.Chaine_ST_02_Color_I03_BaseColor_Mat","49","0","28","1","0.000000","0","0"
"/Game/ElectroMob/Materials/Chaine2/Chaine_ST_02_Color_D06_BaseColor_Mat.Chaine_ST_02_Color_D06_BaseColor_Mat","49","0","28","1","0.000000","0","0"
"/Game/ElectroMob/Materials/Chaine2/Chaine_ST_02_Color_B04_BaseColor_Mat.Chaine_ST_02_Color_B04_BaseColor_Mat","49","0","28","1","0.000000","0","0"
"/Game/ElectroMob/Materials/Chaine2/Chaine_ST_02_Color_A05_BaseColor_Mat.Chaine_ST_02_Color_A05_BaseColor_Mat","49","0","28","1","0.000000","0","0"
"/Game/ElectroMob/Materials/Chaine2/Chaine_ST_02_Color_A03_BaseColor_Mat.Chaine_ST_02_Color_A03_BaseColor_Mat","49","0","28","1","0.000000","0","0"
"/Game/ElectroMob/Materials/Chaine2/Chaine_ST_02_Color_004_BaseColor_Mat.Chaine_ST_02_Color_004_BaseColor_Mat","49","0","16","1","0.000000","0","0"
"/Game/ElectroMob/Materials/Chaine2/Chaine_ST_02_chemin_BaseColor_Mat.Chaine_ST_02_chemin_BaseColor_Mat","49","0","28","1","0.000000","0","0"
"/Game/ElectroMob/Materials/Chaine2/Chaine_ST_02_Bloc_BaseColor_Mat.Chaine_ST_02_Bloc_BaseColor_Mat","49","0","28","1","0.000000","0","0"
"/Game/ElectroMob/Materials/Chaine1/Chaine_ST_01_Rail_BaseColor_Mat.Chaine_ST_01_Rail_BaseColor_Mat","49","0","28","1","0.000000","0","0"
"/Game/ElectroMob/Materials/Chaine1/Chaine_ST_01_Pied_rail_BaseColor_Mat.Chaine_ST_01_Pied_rail_BaseColor_Mat","49","0","28","1","0.000000","0","0"
"/Game/ElectroMob/Materials/Chaine1/Chaine_ST_01_joint_BaseColor_Mat.Chaine_ST_01_joint_BaseColor_Mat","49","0","28","1","0.000000","0","0"
"/Game/ElectroMob/Materials/Chaine1/Chaine_ST_01_Color_M06_BaseColor_Mat.Chaine_ST_01_Color_M06_BaseColor_Mat","49","0","28","1","0.000000","0","0"
"/Game/ElectroMob/Materials/Chaine1/Chaine_ST_01_Color_J05_BaseColor_Mat.Chaine_ST_01_Color_J05_BaseColor_Mat","49","0","28","1","0.000000","0","0"
"/Game/ElectroMob/Materials/Chaine1/Chaine_ST_01_Color_G08_BaseColor_Mat.Chaine_ST_01_Color_G08_BaseColor_Mat","49","0","28","1","0.000000","0","0"
"/Game/ElectroMob/Materials/Chaine1/Chaine_ST_01_Color_F04_BaseColor_Mat.Chaine_ST_01_Color_F04_BaseColor_Mat","49","0","28","1","0.000000","0","0"
"/Game/ElectroMob/Materials/Chaine1/Chaine_ST_01_Color_E05_BaseColor_Mat.Chaine_ST_01_Color_E05_BaseColor_Mat","49","0","28","1","0.000000","0","0"
"/Game/ElectroMob/Materials/Chaine1/Chaine_ST_01_Color_D04_BaseColor_Mat.Chaine_ST_01_Color_D04_BaseColor_Mat","49","0","28","1","0.000000","0","0"
"/Game/ElectroMob/Materials/Chaine1/Chaine_ST_01_Cale_BaseColor_Mat.Chaine_ST_01_Cale_BaseColor_Mat","49","0","28","1","0.000000","0","0"
"/Game/ElectroMob/Materials/Chaine1/Chaine_ST_01_Bouchon_BaseColor_Mat.Chaine_ST_01_Bouchon_BaseColor_Mat","49","0","16","1","0.000000","0","0"
"/Game/ElectroMob/Materials/Chaine1/Chaine_ST_01_Base_moteur_BaseColor_Mat.Chaine_ST_01_Base_moteur_BaseColor_Mat","49","0","28","1","0.000000","0","0"
"/Game/ElectroMob/Materials/Chaine1/Chaine_ST_01_axe_BaseColor_Mat.Chaine_ST_01_axe_BaseColor_Mat","49","0","28","1","0.000000","0","0"
"/Engine/EngineMaterials/PPM_DefaultCalibrationGrayscale.PPM_DefaultCalibrationGrayscale","49","0","7","1","0.000000","0","0"
"/Engine/EngineMaterials/PPM_DefaultCalibrationColor.PPM_DefaultCalibrationColor","49","0","7","1","0.000000","0","0"
"/Engine/EditorMaterials/PreviewShadowIndicatorMaterial.PreviewShadowIndicatorMaterial","49","0","29","1","0.000000","0","0"
"/Engine/EngineSky/M_Sky_Panning_Clouds2.M_Sky_Panning_Clouds2","49","0","5","1","0.000000","0","0"
"/Engine/Tutorial/SubEditors/TutorialAssets/M_smoke_subUV_blackbody.M_smoke_subUV_blackbody","49","0","12","1","0.000000","0","0"
"/Engine/EditorMaterials/MatineeCam_mat.MatineeCam_mat","49","0","16","1","0.000000","0","0"
"/Engine/VREditor/BasicMeshes/M_Floor_01.M_Floor_01","49","0","28","1","0.000000","0","0"
"/Game/ElectroMob/Materials/Bouchon/Bouchon.Bouchon","49","0","28","1","0.000000","0","0"
"/Game/ElectroMob/Materials/Chaine1/Chaine_ST_01_Tube_Alu_BaseColor_Mat.Chaine_ST_01_Tube_Alu_BaseColor_Mat","49","0","28","1","0.000000","0","0"
"/Game/ElectroMob/Materials/Chaine2/Chaine_ST_02_Plaque_02_BaseColor_Mat.Chaine_ST_02_Plaque_02_BaseColor_Mat","49","0","28","1","0.000000","0","0"
"/Game/ElectroMob/Materials/Chaine2/Chaine_ST_02_Plaque_01_BaseColor_Mat.Chaine_ST_02_Plaque_01_BaseColor_Mat","49","0","28","1","0.000000","0","0"
"/Game/ElectroMob/Materials/Chaine3/Chaine_ST_03_Cul_Moteur_BaseColor_Mat.Chaine_ST_03_Cul_Moteur_BaseColor_Mat","49","0","28","1","0.000000","0","0"
"/Game/ElectroMob/Materials/Robot/K2_Cable_3_BaseColor_Mat.K2_Cable_3_BaseColor_Mat","49","0","16","1","0.000000","0","0"
"/Game/ElectroMob/Materials/Robot/K1_Orange_K_BaseColor_Mat.K1_Orange_K_BaseColor_Mat","49","0","16","1","0.000000","0","0"
"/Game/ElectroMob/Materials/Robot/K1_Material_001_BaseColor_Mat.K1_Material_001_BaseColor_Mat","49","0","16","1","0.000000","0","0"
"/Game/ElectroMob/Materials/Murs/Murs__Metal_Silver_1_BaseColor_Mat.Murs__Metal_Silver_1_BaseColor_Mat","49","0","16","1","0.000000","0","0"
"/Game/ElectroMob/Materials/Murs/Murs__Gray3_1_BaseColor_Mat.Murs__Gray3_1_BaseColor_Mat","49","0","28","1","0.000000","0","0"
"/Game/ElectroMob/Materials/Murs/Murs_Raccord_BaseColor_Mat.Murs_Raccord_BaseColor_Mat","49","0","16","1","0.000000","0","0"
"/Game/ElectroMob/Materials/Murs/Murs_Metal_Aluminum_Anodized_BaseColor_Mat.Murs_Metal_Aluminum_Anodized_BaseColor_Mat","49","0","28","1","0.000000","0","0"
"/Game/ElectroMob/Materials/Murs/Murs_Color_F05_BaseColor_Mat.Murs_Color_F05_BaseColor_Mat","49","0","16","1","0.000000","0","0"
"/Game/ElectroMob/Materials/Murs/Murs_Color_B06_BaseColor_Mat.Murs_Color_B06_BaseColor_Mat","49","0","16","1","0.000000","0","0"
"/Game/ElectroMob/Materials/Ecran/Ecran_Vis_BaseColor_Mat.Ecran_Vis_BaseColor_Mat","49","0","28","1","0.000000","0","0"
"/Game/ElectroMob/Materials/Ecran/Ecran_Socle_bouton_BaseColor_Mat.Ecran_Socle_bouton_BaseColor_Mat","49","0","28","1","0.000000","0","0"
"/Game/ElectroMob/Materials/Ecran/Ecran_Pied_BaseColor_Mat.Ecran_Pied_BaseColor_Mat","49","0","28","1","0.000000","0","0"
"/Game/ElectroMob/Materials/Ecran/Ecran_Mat_BaseColor_Mat.Ecran_Mat_BaseColor_Mat","49","0","28","1","0.000000","0","0"
"/Game/ElectroMob/Materials/Murs/Murs_Verre_BaseColor_Mat.Murs_Verre_BaseColor_Mat","49","0","34","1","0.000000","0","0"
"/Game/ElectroMob/Materials/Murs/Murs_Translucent_Glass_Blue_BaseColor_Mat.Murs_Translucent_Glass_Blue_BaseColor_Mat","49","0","34","1","0.000000","0","0"
"/Game/ElectroMob/Materials/Murs/Murs_Steel_Brushed_Stainless_BaseColor_Mat.Murs_Steel_Brushed_Stainless_BaseColor_Mat","49","0","28","1","0.000000","0","0"
"/Game/ElectroMob/Materials/Murs/Murs_Sol2_BaseColor_Mat.Murs_Sol2_BaseColor_Mat","49","0","28","1","0.000000","0","0"
"/Game/ElectroMob/Materials/Robot/K3_Material_005_BaseColor_Mat.K3_Material_005_BaseColor_Mat","49","0","16","1","0.000000","0","0"
"/Game/ElectroMob/Materials/Robot/KR3010_Cable_3_BaseColor_Mat.KR3010_Cable_3_BaseColor_Mat","49","0","16","1","0.000000","0","0"
"/Game/ElectroMob/Materials/Robot/KR309_Vis_3_BaseColor_Mat.KR309_Vis_3_BaseColor_Mat","49","0","16","1","0.000000","0","0"
"/Game/ElectroMob/Materials/Soudure/Soudure_Plaque_avant_BaseColor_Mat.Soudure_Plaque_avant_BaseColor_Mat","49","0","16","1","0.000000","0","0"
"/Game/ElectroMob/Materials/Soudure/Soudure_Plaque_2_BaseColor_Mat.Soudure_Plaque_2_BaseColor_Mat","49","0","28","1","0.000000","0","0"
"/Engine/VREditor/SnapGrid/SnapGridMaterial.SnapGridMaterial","49","0","16","1","0.000000","0","0"
"/Engine/EngineSky/VolumetricClouds/m_SimpleVolumetricCloud.m_SimpleVolumetricCloud","49","0","103","1","0.000000","0","0"
"/Game/FPWeapon/Materials/M_FPGun.M_FPGun","49","0","64","1","0.000000","0","0"
"/Game/ElectroMob/Materials/Soudure/Verre.Verre","49","0","34","1","0.000000","0","0"
"/Engine/Functions/Engine_MaterialFunctions02/ExampleContent/3dParticleOpacity_Mat.3dParticleOpacity_Mat","49","0","30","1","0.000000","0","30"
"/Interchange/gltf/M_Unlit.M_Unlit","49","0","126","6","0.000000","0","0"
"/Game/VRTemplate/Materials/M_TeleportNoise.M_TeleportNoise","49","0","17","1","0.000000","0","0"
"/Game/VRTemplate/Materials/M_TeleportCylinder.M_TeleportCylinder","49","0","23","1","0.000000","0","0"
"/Game/Characters/MannequinsXR/Materials/M_Mannequin.M_Mannequin","49","0","64","2","0.000000","0","32"
"/Game/LevelPrototyping/Materials/M_PrototypeGrid.M_PrototypeGrid","49","0","84","3","0.000000","0","28"
"/Game/VRTemplate/Materials/M_GridRotation.M_GridRotation","49","0","56","2","0.000000","0","28"
"/SpeedTreeImporter/SpeedTree9/SpeedTreeBillboardMaster.SpeedTreeBillboardMaster","49","0","70","1","0.000000","0","0"
"/SpeedTreeImporter/SpeedTree9/SpeedTreeMaster.SpeedTreeMaster","49","0","102","1","0.000000","0","0"
"/Interchange/gltf/M_SpecularGlossiness.M_SpecularGlossiness","49","0","276","6","0.000000","0","0"
"/Interchange/gltf/M_Transmission.M_Transmission","49","0","84","2","0.000000","0","0"
"/Interchange/gltf/M_Sheen.M_Sheen","49","0","276","6","0.000000","0","0"
"/Interchange/gltf/M_ClearCoat.M_ClearCoat","49","0","276","6","0.000000","0","0"
"/Interchange/gltf/M_Default.M_Default","49","0","276","6","0.000000","0","0"
